difficulty,question,option1,option2,option3,option4,answer
easy,What is the capital of France?,London,Paris,Rome,Berlin,Paris
easy,What color is the sky?,Blue,Red,Green,Yellow,Blue
easy,Which is a fruit?,Carrot,Apple,Broccoli,Potato,Apple
easy,What shape has three sides?,Square,Circle,Triangle,Rectangle,Triangle
easy,What is 2 + 2?,3,4,5,6,4
easy,How many legs does a spider have?,6,8,10,12,8
easy,What is 5 x 5?,10,15,20,25,25
easy,Which is a vegetable?,Apple,Potato,Banana,Mango,Potato
easy,Which animal barks?,Cat,Dog,Cow,Horse,Dog
easy,Which is used to write on paper?,Spoon,Pencil,Eraser,Ruler,Pencil
easy,Which is a mammal?,Shark,Crocodile,Whale,Eagle,Whale
easy,What color are bananas?,Red,Yellow,Blue,Green,Yellow
easy,What is H2O?,Oxygen,Hydrogen,Water,Salt,Water
easy,What is the opposite of 'big'?,Small,Large,Tall,Huge,Small
easy,What month comes after May?,June,April,July,August,June
easy,What month comes after May?,June,April,July,August,June
easy,What shape has three sides?,Square,Circle,Triangle,Rectangle,Triangle
easy,Which is a vegetable?,Apple,Potato,Banana,Mango,Potato
easy,Which is used to write on paper?,Spoon,Pencil,Eraser,Ruler,Pencil
easy,What is H2O?,Oxygen,Hydrogen,Water,Salt,Water
easy,What is 5 x 5?,10,15,20,25,25
easy,Which is a mammal?,Shark,Crocodile,Whale,Eagle,Whale
easy,Which animal barks?,Cat,Dog,Cow,Horse,Dog
easy,Which is a fruit?,Carrot,Apple,Broccoli,Potato,Apple
easy,What color are bananas?,Red,Yellow,Blue,Green,Yellow
easy,What is the opposite of 'big'?,Small,Large,Tall,Huge,Small
easy,What color is the sky?,Blue,Red,Green,Yellow,Blue
easy,What is the capital of France?,London,Paris,Rome,Berlin,Paris
easy,What is 2 + 2?,3,4,5,6,4
easy,How many legs does a spider have?,6,8,10,12,8
easy,Which is a fruit?,Carrot,Apple,Broccoli,Potato,Apple
easy,Which is used to write on paper?,Spoon,Pencil,Eraser,Ruler,Pencil
easy,What is the capital of France?,London,Paris,Rome,Berlin,Paris
easy,What is 2 + 2?,3,4,5,6,4
easy,What color is the sky?,Blue,Red,Green,Yellow,Blue
easy,Which is a mammal?,Shark,Crocodile,Whale,Eagle,Whale
easy,What color are bananas?,Red,Yellow,Blue,Green,Yellow
easy,What is 5 x 5?,10,15,20,25,25
easy,What is the opposite of 'big'?,Small,Large,Tall,Huge,Small
easy,How many legs does a spider have?,6,8,10,12,8
easy,Which animal barks?,Cat,Dog,Cow,Horse,Dog
easy,Which is a vegetable?,Apple,Potato,Banana,Mango,Potato
easy,What month comes after May?,June,April,July,August,June
easy,What is H2O?,Oxygen,Hydrogen,Water,Salt,Water
easy,What shape has three sides?,Square,Circle,Triangle,Rectangle,Triangle
easy,What is 2 + 2?,3,4,5,6,4
easy,What color is the sky?,Blue,Red,Green,Yellow,Blue
easy,What month comes after May?,June,April,July,August,June
easy,Which is a mammal?,Shark,Crocodile,Whale,Eagle,Whale
easy,Which animal barks?,Cat,Dog,Cow,Horse,Dog
medium,Largest mammal?,Elephant,Whale,Hippo,Giraffe,Whale
medium,Who invented telephone?,Newton,Bell,Edison,Tesla,Bell
medium,Boiling point of water?,90°C,100°C,110°C,120°C,100°C
medium,Main gas in air?,Oxygen,Carbon Dioxide,Nitrogen,Hydrogen,Nitrogen
medium,Who wrote Hamlet?,Dickens,Shakespeare,Hemingway,Tolkien,Shakespeare
medium,Gas used by plants?,Oxygen,Carbon Dioxide,Nitrogen,Helium,Carbon Dioxide
medium,What is 12 x 12?,124,132,144,156,144
medium,Which language has most native speakers?,English,Mandarin,Spanish,Hindi,Mandarin
medium,Capital of Japan?,Beijing,Seoul,Tokyo,Bangkok,Tokyo
medium,Prime number?,4,6,7,9,7
medium,Fastest land animal?,Lion,Cheetah,Horse,Leopard,Cheetah
medium,Which country has the most population?,USA,China,India,Russia,China
medium,Which planet is called the Red Planet?,Earth,Mars,Jupiter,Venus,Mars
medium,Which ocean is largest?,Atlantic,Indian,Arctic,Pacific,Pacific
medium,Who painted Mona Lisa?,Picasso,Da Vinci,Van Gogh,Michelangelo,Da Vinci
medium,Boiling point of water?,90°C,100°C,110°C,120°C,100°C
medium,Which planet is called the Red Planet?,Earth,Mars,Jupiter,Venus,Mars
medium,Who invented telephone?,Newton,Bell,Edison,Tesla,Bell
medium,Gas used by plants?,Oxygen,Carbon Dioxide,Nitrogen,Helium,Carbon Dioxide
medium,Capital of Japan?,Beijing,Seoul,Tokyo,Bangkok,Tokyo
medium,Main gas in air?,Oxygen,Carbon Dioxide,Nitrogen,Hydrogen,Nitrogen
medium,What is 12 x 12?,124,132,144,156,144
medium,Which country has the most population?,USA,China,India,Russia,China
medium,Largest mammal?,Elephant,Whale,Hippo,Giraffe,Whale
medium,Fastest land animal?,Lion,Cheetah,Horse,Leopard,Cheetah
medium,Who wrote Hamlet?,Dickens,Shakespeare,Hemingway,Tolkien,Shakespeare
medium,Who painted Mona Lisa?,Picasso,Da Vinci,Van Gogh,Michelangelo,Da Vinci
medium,Prime number?,4,6,7,9,7
medium,Which language has most native speakers?,English,Mandarin,Spanish,Hindi,Mandarin
medium,Which ocean is largest?,Atlantic,Indian,Arctic,Pacific,Pacific
medium,Which planet is called the Red Planet?,Earth,Mars,Jupiter,Venus,Mars
medium,Which ocean is largest?,Atlantic,Indian,Arctic,Pacific,Pacific
medium,Main gas in air?,Oxygen,Carbon Dioxide,Nitrogen,Hydrogen,Nitrogen
medium,Which country has the most population?,USA,China,India,Russia,China
medium,Who wrote Hamlet?,Dickens,Shakespeare,Hemingway,Tolkien,Shakespeare
medium,Fastest land animal?,Lion,Cheetah,Horse,Leopard,Cheetah
medium,Which language has most native speakers?,English,Mandarin,Spanish,Hindi,Mandarin
medium,Gas used by plants?,Oxygen,Carbon Dioxide,Nitrogen,Helium,Carbon Dioxide
medium,Who painted Mona Lisa?,Picasso,Da Vinci,Van Gogh,Michelangelo,Da Vinci
medium,Boiling point of water?,90°C,100°C,110°C,120°C,100°C
medium,Largest mammal?,Elephant,Whale,Hippo,Giraffe,Whale
medium,Capital of Japan?,Beijing,Seoul,Tokyo,Bangkok,Tokyo
medium,Prime number?,4,6,7,9,7
medium,What is 12 x 12?,124,132,144,156,144
medium,Who invented telephone?,Newton,Bell,Edison,Tesla,Bell
medium,Capital of Japan?,Beijing,Seoul,Tokyo,Bangkok,Tokyo
medium,Which country has the most population?,USA,China,India,Russia,China
medium,Main gas in air?,Oxygen,Carbon Dioxide,Nitrogen,Hydrogen,Nitrogen
medium,Which language has most native speakers?,English,Mandarin,Spanish,Hindi,Mandarin
medium,Who invented telephone?,Newton,Bell,Edison,Tesla,Bell
hard,Most abundant element in universe?,Oxygen,Hydrogen,Helium,Carbon,Hydrogen
hard,Who developed general relativity?,Newton,Einstein,Tesla,Bohr,Einstein
hard,Deepest ocean point?,Mariana Trench,Puerto Rico Trench,Java Trench,Tonga Trench,Mariana Trench
hard,Largest desert?,Sahara,Arctic,Gobi,Antarctic,Antarctic
hard,Smallest bone in body?,Femur,Stapes,Ulna,Tibia,Stapes
hard,Longest river in world?,Amazon,Nile,Yangtze,Mississippi,Nile
hard,Atomic number of oxygen?,6,7,8,9,8
hard,Python creator?,Guido van Rossum,Linus Torvalds,James Gosling,Dennis Ritchie,Guido van Rossum
hard,Year of French Revolution?,1789,1776,1804,1799,1789
hard,Speed of light?,"300,000 km/s","150,000 km/s",1 million km/s,"30,000 km/s","300,000 km/s"
hard,Who wrote '1984'?,Orwell,Huxley,Bradbury,Asimov,Orwell
hard,Heaviest naturally occurring element?,Uranium,Plutonium,Lead,Gold,Uranium
hard,First computer programmer?,Babbage,Lovelace,Turing,Hopper,Lovelace
hard,Square root of 256?,12,14,16,18,16
hard,Capital of Mongolia?,Beijing,Ulaanbaatar,Seoul,Bangkok,Ulaanbaatar
hard,Longest river in world?,Amazon,Nile,Yangtze,Mississippi,Nile
hard,Atomic number of oxygen?,6,7,8,9,8
hard,Year of French Revolution?,1789,1776,1804,1799,1789
hard,Speed of light?,"300,000 km/s","150,000 km/s",1 million km/s,"30,000 km/s","300,000 km/s"
hard,Who developed general relativity?,Newton,Einstein,Tesla,Bohr,Einstein
hard,Heaviest naturally occurring element?,Uranium,Plutonium,Lead,Gold,Uranium
hard,Deepest ocean point?,Mariana Trench,Puerto Rico Trench,Java Trench,Tonga Trench,Mariana Trench
hard,First computer programmer?,Babbage,Lovelace,Turing,Hopper,Lovelace
hard,Smallest bone in body?,Femur,Stapes,Ulna,Tibia,Stapes
hard,Python creator?,Guido van Rossum,Linus Torvalds,James Gosling,Dennis Ritchie,Guido van Rossum
hard,Who wrote '1984'?,Orwell,Huxley,Bradbury,Asimov,Orwell
hard,Most abundant element in universe?,Oxygen,Hydrogen,Helium,Carbon,Hydrogen
hard,Square root of 256?,12,14,16,18,16
hard,Capital of Mongolia?,Beijing,Ulaanbaatar,Seoul,Bangkok,Ulaanbaatar
hard,Largest desert?,Sahara,Arctic,Gobi,Antarctic,Antarctic
hard,Speed of light?,"300,000 km/s","150,000 km/s",1 million km/s,"30,000 km/s","300,000 km/s"
hard,Who wrote '1984'?,Orwell,Huxley,Bradbury,Asimov,Orwell
hard,Python creator?,Guido van Rossum,Linus Torvalds,James Gosling,Dennis Ritchie,Guido van Rossum
hard,Square root of 256?,12,14,16,18,16
hard,Largest desert?,Sahara,Arctic,Gobi,Antarctic,Antarctic
hard,Year of French Revolution?,1789,1776,1804,1799,1789
hard,Deepest ocean point?,Mariana Trench,Puerto Rico Trench,Java Trench,Tonga Trench,Mariana Trench
hard,Capital of Mongolia?,Beijing,Ulaanbaatar,Seoul,Bangkok,Ulaanbaatar
hard,Heaviest naturally occurring element?,Uranium,Plutonium,Lead,Gold,Uranium
hard,First computer programmer?,Babbage,Lovelace,Turing,Hopper,Lovelace
hard,Most abundant element in universe?,Oxygen,Hydrogen,Helium,Carbon,Hydrogen
hard,Longest river in world?,Amazon,Nile,Yangtze,Mississippi,Nile
hard,Smallest bone in body?,Femur,Stapes,Ulna,Tibia,Stapes
hard,Atomic number of oxygen?,6,7,8,9,8
hard,Who developed general relativity?,Newton,Einstein,Tesla,Bohr,Einstein
hard,Atomic number of oxygen?,6,7,8,9,8
hard,Largest desert?,Sahara,Arctic,Gobi,Antarctic,Antarctic
hard,Deepest ocean point?,Mariana Trench,Puerto Rico Trench,Java Trench,Tonga Trench,Mariana Trench
hard,Capital of Mongolia?,Beijing,Ulaanbaatar,Seoul,Bangkok,Ulaanbaatar
hard,Python creator?,Guido van Rossum,Linus Torvalds,James Gosling,Dennis Ritchie,Guido van Rossum
